{
    "p360": {
        "p360_061_mic1.flac": {
            "proc_bw_7999_8_8000": {
                "lsd": 1.1664952039718628,
                "log_sispec": 11.823363304138184,
                "sispec": 15.799474716186523,
                "ssim": 0.9853042536273067,
                "plcmos": 3.9148805936177573,
                "utmos22": 3.9238481521606445,
                "dnsmos": 3.612844944000244,
                "visqol": 4.521194497976351,
                "pesq": 3.3582112789154053,
                "inference_time": 1.1654026508331299
            },
            "proc_ch_7999_8_8000": {
                "lsd": 1.1760164499282837,
                "log_sispec": 11.831679344177246,
                "sispec": 15.8058443069458,
                "ssim": 0.9849618077350967,
                "plcmos": 3.9270222822825116,
                "utmos22": 3.921060085296631,
                "dnsmos": 3.6037814617156982,
                "visqol": 4.519020031264802,
                "pesq": 3.3527162075042725,
                "inference_time": 0.012127161026000977
            },
            "proc_el_7999_8_8000": {
                "lsd": 1.1761046648025513,
                "log_sispec": 11.830390930175781,
                "sispec": 15.805610656738281,
                "ssim": 0.9849613757789091,
                "plcmos": 3.922562042872111,
                "utmos22": 3.9214837551116943,
                "dnsmos": 3.6034629344940186,
                "visqol": 4.519218651545123,
                "pesq": 3.3525447845458984,
                "inference_time": 0.012625455856323242
            },
            "proc_bessel_7999_8_8000": {
                "lsd": 1.1671764850616455,
                "log_sispec": 11.817514419555664,
                "sispec": 15.799383163452148,
                "ssim": 0.9853046171983785,
                "plcmos": 3.936183977127075,
                "utmos22": 3.923480987548828,
                "dnsmos": 3.611807346343994,
                "visqol": 4.521279070316363,
                "pesq": 3.357038974761963,
                "inference_time": 0.012212514877319336
            }
        }
    },
    "each_speaker": {
        "p360": {
            "proc_bw_7999_8_8000": {
                "lsd": 1.1664952039718628,
                "log_sispec": 11.823363304138184,
                "sispec": 15.799474716186523,
                "ssim": 0.9853042536273067,
                "plcmos": 3.9148805936177573,
                "utmos22": 3.9238481521606445,
                "dnsmos": 3.612844944000244,
                "visqol": 4.521194497976351,
                "pesq": 3.3582112789154053,
                "inference_time": 1.1654026508331299
            },
            "proc_ch_7999_8_8000": {
                "lsd": 1.1760164499282837,
                "log_sispec": 11.831679344177246,
                "sispec": 15.8058443069458,
                "ssim": 0.9849618077350967,
                "plcmos": 3.9270222822825116,
                "utmos22": 3.921060085296631,
                "dnsmos": 3.6037814617156982,
                "visqol": 4.519020031264802,
                "pesq": 3.3527162075042725,
                "inference_time": 0.012127161026000977
            },
            "proc_el_7999_8_8000": {
                "lsd": 1.1761046648025513,
                "log_sispec": 11.830390930175781,
                "sispec": 15.805610656738281,
                "ssim": 0.9849613757789091,
                "plcmos": 3.922562042872111,
                "utmos22": 3.9214837551116943,
                "dnsmos": 3.6034629344940186,
                "visqol": 4.519218651545123,
                "pesq": 3.3525447845458984,
                "inference_time": 0.012625455856323242
            },
            "proc_bessel_7999_8_8000": {
                "lsd": 1.1671764850616455,
                "log_sispec": 11.817514419555664,
                "sispec": 15.799383163452148,
                "ssim": 0.9853046171983785,
                "plcmos": 3.936183977127075,
                "utmos22": 3.923480987548828,
                "dnsmos": 3.611807346343994,
                "visqol": 4.521279070316363,
                "pesq": 3.357038974761963,
                "inference_time": 0.012212514877319336
            }
        }
    },
    "averaged": {
        "proc_bw_7999_8_8000": {
            "lsd": 1.1664952039718628,
            "log_sispec": 11.823363304138184,
            "sispec": 15.799474716186523,
            "ssim": 0.9853042536273067,
            "plcmos": 3.9148805936177573,
            "utmos22": 3.9238481521606445,
            "dnsmos": 3.612844944000244,
            "visqol": 4.521194497976351,
            "pesq": 3.3582112789154053,
            "inference_time": 1.1654026508331299
        },
        "proc_ch_7999_8_8000": {
            "lsd": 1.1760164499282837,
            "log_sispec": 11.831679344177246,
            "sispec": 15.8058443069458,
            "ssim": 0.9849618077350967,
            "plcmos": 3.9270222822825116,
            "utmos22": 3.921060085296631,
            "dnsmos": 3.6037814617156982,
            "visqol": 4.519020031264802,
            "pesq": 3.3527162075042725,
            "inference_time": 0.012127161026000977
        },
        "proc_el_7999_8_8000": {
            "lsd": 1.1761046648025513,
            "log_sispec": 11.830390930175781,
            "sispec": 15.805610656738281,
            "ssim": 0.9849613757789091,
            "plcmos": 3.922562042872111,
            "utmos22": 3.9214837551116943,
            "dnsmos": 3.6034629344940186,
            "visqol": 4.519218651545123,
            "pesq": 3.3525447845458984,
            "inference_time": 0.012625455856323242
        },
        "proc_bessel_7999_8_8000": {
            "lsd": 1.1671764850616455,
            "log_sispec": 11.817514419555664,
            "sispec": 15.799383163452148,
            "ssim": 0.9853046171983785,
            "plcmos": 3.936183977127075,
            "utmos22": 3.923480987548828,
            "dnsmos": 3.611807346343994,
            "visqol": 4.521279070316363,
            "pesq": 3.357038974761963,
            "inference_time": 0.012212514877319336
        }
    }
}