{
    "p360": {
        "p360_061_mic1.flac": {
            "proc_bw_7999_8_8000": {
                "lsd": 0.9464448094367981,
                "log_sispec": 12.444706916809082,
                "sispec": 17.47117042541504,
                "ssim": 0.9945921393181848,
                "plcmos": 3.119810390472412,
                "utmos22": 3.93080472946167,
                "dnsmos": 3.3251121044158936,
                "visqol": 4.671514035361662,
                "pesq": 3.049313545227051,
                "inference_time": 0.22601842880249023
            },
            "proc_ch_7999_8_8000": {
                "lsd": 0.9411291480064392,
                "log_sispec": 12.524908065795898,
                "sispec": 17.48602294921875,
                "ssim": 0.9944312985557592,
                "plcmos": 3.1185736815134684,
                "utmos22": 3.9301247596740723,
                "dnsmos": 3.337277412414551,
                "visqol": 4.683018108218059,
                "pesq": 3.0659921169281006,
                "inference_time": 0.013118982315063477
            },
            "proc_el_7999_8_8000": {
                "lsd": 0.9419416785240173,
                "log_sispec": 12.521953582763672,
                "sispec": 17.485124588012695,
                "ssim": 0.9944308214768288,
                "plcmos": 3.1159656047821045,
                "utmos22": 3.930518627166748,
                "dnsmos": 3.3359649181365967,
                "visqol": 4.683757877335511,
                "pesq": 3.066803455352783,
                "inference_time": 0.013322830200195312
            },
            "proc_bessel_7999_8_8000": {
                "lsd": 0.9446508884429932,
                "log_sispec": 12.45545482635498,
                "sispec": 17.46709442138672,
                "ssim": 0.9945797725944513,
                "plcmos": 3.125857639312744,
                "utmos22": 3.93051815032959,
                "dnsmos": 3.323153495788574,
                "visqol": 4.6724367471686135,
                "pesq": 3.047977924346924,
                "inference_time": 0.013622283935546875
            }
        },
        "p360_293_mic1.flac": {
            "proc_bw_7999_8_8000": {
                "lsd": 0.9344563484191895,
                "log_sispec": 12.751053810119629,
                "sispec": 23.72938346862793,
                "ssim": 0.9970469090203747,
                "plcmos": 2.5086414496103924,
                "utmos22": 3.918689727783203,
                "dnsmos": 3.2793312072753906,
                "visqol": 4.640166401261597,
                "pesq": 3.4282848834991455,
                "inference_time": 0.05704617500305176
            },
            "proc_ch_7999_8_8000": {
                "lsd": 0.9353808760643005,
                "log_sispec": 12.806493759155273,
                "sispec": 23.688720703125,
                "ssim": 0.9972083860864788,
                "plcmos": 2.522104835510254,
                "utmos22": 3.924790620803833,
                "dnsmos": 3.2879562377929688,
                "visqol": 4.639516549914442,
                "pesq": 3.4486639499664307,
                "inference_time": 0.013091802597045898
            },
            "proc_el_7999_8_8000": {
                "lsd": 0.9354090094566345,
                "log_sispec": 12.806138038635254,
                "sispec": 23.688018798828125,
                "ssim": 0.9972077542949735,
                "plcmos": 2.5067504405975343,
                "utmos22": 3.92451810836792,
                "dnsmos": 3.289702892303467,
                "visqol": 4.639484381854786,
                "pesq": 3.4492316246032715,
                "inference_time": 0.01328897476196289
            },
            "proc_bessel_7999_8_8000": {
                "lsd": 0.934611439704895,
                "log_sispec": 12.749699592590332,
                "sispec": 23.728759765625,
                "ssim": 0.9970459719905684,
                "plcmos": 2.526464017232259,
                "utmos22": 3.9181020259857178,
                "dnsmos": 3.280203342437744,
                "visqol": 4.6403697962287715,
                "pesq": 3.4282586574554443,
                "inference_time": 0.012820005416870117
            }
        },
        "p360_423_mic1.flac": {
            "proc_bw_7999_8_8000": {
                "lsd": 0.9277700781822205,
                "log_sispec": 13.167637825012207,
                "sispec": 20.083877563476562,
                "ssim": 0.9964793346582196,
                "plcmos": 3.956238015492757,
                "utmos22": 3.490685224533081,
                "dnsmos": 3.247762441635132,
                "visqol": 4.591593401201436,
                "pesq": 3.3740813732147217,
                "inference_time": 0.05640244483947754
            },
            "proc_ch_7999_8_8000": {
                "lsd": 0.9279351830482483,
                "log_sispec": 13.190474510192871,
                "sispec": 20.116540908813477,
                "ssim": 0.9965300532158416,
                "plcmos": 3.9301806449890138,
                "utmos22": 3.4950151443481445,
                "dnsmos": 3.240511894226074,
                "visqol": 4.589909272323884,
                "pesq": 3.3678815364837646,
                "inference_time": 0.013074159622192383
            },
            "proc_el_7999_8_8000": {
                "lsd": 0.9278789758682251,
                "log_sispec": 13.192510604858398,
                "sispec": 20.11733627319336,
                "ssim": 0.9965294157969804,
                "plcmos": 3.9401552200317385,
                "utmos22": 3.4955475330352783,
                "dnsmos": 3.240121841430664,
                "visqol": 4.589772034907272,
                "pesq": 3.367588996887207,
                "inference_time": 0.01198720932006836
            },
            "proc_bessel_7999_8_8000": {
                "lsd": 0.9311544895172119,
                "log_sispec": 13.139286994934082,
                "sispec": 20.081161499023438,
                "ssim": 0.9964776753018695,
                "plcmos": 3.9365870157877603,
                "utmos22": 3.4905824661254883,
                "dnsmos": 3.250899314880371,
                "visqol": 4.59206301891876,
                "pesq": 3.3728158473968506,
                "inference_time": 0.015953779220581055
            }
        }
    },
    "each_speaker": {
        "p360": {
            "proc_bw_7999_8_8000": {
                "lsd": 0.9362237453460693,
                "log_sispec": 12.787799517313639,
                "sispec": 20.428143819173176,
                "ssim": 0.9960394609989264,
                "plcmos": 3.194896618525187,
                "utmos22": 3.780059893925985,
                "dnsmos": 3.2840685844421387,
                "visqol": 4.634424612608232,
                "pesq": 3.283893267313639,
                "inference_time": 0.11315568288167317
            },
            "proc_ch_7999_8_8000": {
                "lsd": 0.9348150690396627,
                "log_sispec": 12.840625445048014,
                "sispec": 20.43042818705241,
                "ssim": 0.9960565792860265,
                "plcmos": 3.190286387337579,
                "utmos22": 3.7833101749420166,
                "dnsmos": 3.2885818481445312,
                "visqol": 4.637481310152128,
                "pesq": 3.2941792011260986,
                "inference_time": 0.01309498151143392
            },
            "proc_el_7999_8_8000": {
                "lsd": 0.9350765546162924,
                "log_sispec": 12.840200742085775,
                "sispec": 20.43015988667806,
                "ssim": 0.9960559971895941,
                "plcmos": 3.187623755137126,
                "utmos22": 3.7835280895233154,
                "dnsmos": 3.2885965506235757,
                "visqol": 4.637671431365857,
                "pesq": 3.294541358947754,
                "inference_time": 0.012866338094075521
            },
            "proc_bessel_7999_8_8000": {
                "lsd": 0.9368056058883667,