{
    "p360": {
        "p360_001_mic1.flac": {
            "proc_bw_7999_8_8000": {
                "lsd": 1.0000464916229248,
                "log_sispec": 11.008371353149414,
                "sispec": 8.387062072753906,
                "ssim": 0.9692771596137594,
                "plcmos": 3.7721136569976808,
                "utmos22": 3.658891201019287,
                "dnsmos": 3.2736434936523438,
                "visqol": 4.471966464196675,
                "pesq": 2.7188878059387207,
                "inference_time": 0.15293526649475098
            },
            "proc_ch_7999_8_8000": {
                "lsd": 1.0017342567443848,
                "log_sispec": 11.080403327941895,
                "sispec": 8.413866996765137,
                "ssim": 0.9682204183475724,
                "plcmos": 3.7332960605621337,
                "utmos22": 3.6659257411956787,
                "dnsmos": 3.2735331058502197,
                "visqol": 4.467254651434925,
                "pesq": 2.735868453979492,
                "inference_time": 0.01417088508605957
            },
            "proc_el_7999_8_8000": {
                "lsd": 1.0015703439712524,
                "log_sispec": 11.081632614135742,
                "sispec": 8.41368579864502,
                "ssim": 0.9682194758636985,
                "plcmos": 3.7334531943003335,
                "utmos22": 3.6675539016723633,
                "dnsmos": 3.2737979888916016,
                "visqol": 4.46690750948926,
                "pesq": 2.73638916015625,
                "inference_time": 0.014581441879272461
            },
            "proc_bessel_7999_8_8000": {
                "lsd": 0.999443769454956,
                "log_sispec": 11.0088529586792,
                "sispec": 8.386960983276367,
                "ssim": 0.9692738661117501,
                "plcmos": 3.7718676726023355,
                "utmos22": 3.6603238582611084,
                "dnsmos": 3.272080659866333,
                "visqol": 4.473967048615549,
                "pesq": 2.719982147216797,
                "inference_time": 0.01213693618774414
            }
        }
    },
    "each_speaker": {
        "p360": {
            "proc_bw_7999_8_8000": {
                "lsd": 1.0000464916229248,
                "log_sispec": 11.008371353149414,
                "sispec": 8.387062072753906,
                "ssim": 0.9692771596137594,
                "plcmos": 3.7721136569976808,
                "utmos22": 3.658891201019287,
                "dnsmos": 3.2736434936523438,
                "visqol": 4.471966464196675,
                "pesq": 2.7188878059387207,
                "inference_time": 0.15293526649475098
            },
            "proc_ch_7999_8_8000": {
                "lsd": 1.0017342567443848,
                "log_sispec": 11.080403327941895,
                "sispec": 8.413866996765137,
                "ssim": 0.9682204183475724,
                "plcmos": 3.7332960605621337,
                "utmos22": 3.6659257411956787,
                "dnsmos": 3.2735331058502197,
                "visqol": 4.467254651434925,
                "pesq": 2.735868453979492,
                "inference_time": 0.01417088508605957
            },
            "proc_el_7999_8_8000": {
                "lsd": 1.0015703439712524,
                "log_sispec": 11.081632614135742,
                "sispec": 8.41368579864502,
                "ssim": 0.9682194758636985,
                "plcmos": 3.7334531943003335,
                "utmos22": 3.6675539016723633,
                "dnsmos": 3.2737979888916016,
                "visqol": 4.46690750948926,
                "pesq": 2.73638916015625,
                "inference_time": 0.014581441879272461
            },
            "proc_bessel_7999_8_8000": {
                "lsd": 0.999443769454956,
                "log_sispec": 11.0088529586792,
                "sispec": 8.386960983276367,
                "ssim": 0.9692738661117501,
                "plcmos": 3.7718676726023355,
                "utmos22": 3.6603238582611084,
                "dnsmos": 3.272080659866333,
                "visqol": 4.473967048615549,
                "pesq": 2.719982147216797,
                "inference_time": 0.01213693618774414
            }
        }
    },
    "averaged": {
        "proc_bw_7999_8_8000": {
            "lsd": 1.0000464916229248,
            "log_sispec": 11.008371353149414,
            "sispec": 8.387062072753906,
            "ssim": 0.9692771596137594,
            "plcmos": 3.7721136569976808,
            "utmos22": 3.658891201019287,
            "dnsmos": 3.2736434936523438,
            "visqol": 4.471966464196675,
            "pesq": 2.7188878059387207,
            "inference_time": 0.15293526649475098
        },
        "proc_ch_7999_8_8000": {
            "lsd": 1.0017342567443848,
            "log_sispec": 11.080403327941895,
            "sispec": 8.413866996765137,
            "ssim": 0.9682204183475724,
            "plcmos": 3.7332960605621337,
            "utmos22": 3.6659257411956787,
            "dnsmos": 3.2735331058502197,
            "visqol": 4.467254651434925,
            "pesq": 2.735868453979492,
            "inference_time": 0.01417088508605957
        },
        "proc_el_7999_8_8000": {
            "lsd": 1.0015703439712524,
            "log_sispec": 11.081632614135742,
            "sispec": 8.41368579864502,
            "ssim": 0.9682194758636985,
            "plcmos": 3.7334531943003335,
            "utmos22": 3.6675539016723633,
            "dnsmos": 3.2737979888916016,
            "visqol": 4.46690750948926,
            "pesq": 2.73638916015625,
            "inference_time": 0.014581441879272461
        },
        "proc_bessel_7999_8_8000": {
            "lsd": 0.999443769454956,
            "log_sispec": 11.0088529586792,
            "sispec": 8.386960983276367,
            "ssim": 0.9692738661117501,
            "plcmos": 3.7718676726023355,
            "utmos22": 3.6603238582611084,
            "dnsmos": 3.272080659866333,
            "visqol": 4.473967048615549,
            "pesq": 2.719982147216797,
            "inference_time": 0.01213693618774414
        }
    }
}