{
    "p360": {
        "p360_061_mic1.flac": {
            "proc_bw_7999_8_8000": {
                "lsd": 0.9464448094367981,
                "log_sispec": 12.444706916809082,
                "sispec": 17.47117042541504,
                "ssim": 0.9945921393181848,
                "plcmos": 3.119810390472412,
                "utmos22": 3.93080472946167,
                "dnsmos": 3.3251121044158936,
                "visqol": 4.671514035361662,
                "pesq": 3.049313545227051,
                "inference_time": 0.15609192848205566
            },
            "proc_ch_7999_8_8000": {
                "lsd": 0.9411291480064392,
                "log_sispec": 12.524908065795898,
                "sispec": 17.48602294921875,
                "ssim": 0.9944312985557592,
                "plcmos": 3.1185736815134684,
                "utmos22": 3.9301247596740723,
                "dnsmos": 3.337277412414551,
                "visqol": 4.683018108218059,
                "pesq": 3.0659921169281006,
                "inference_time": 0.0118255615234375
            },
            "proc_el_7999_8_8000": {
                "lsd": 0.9419416785240173,
                "log_sispec": 12.521953582763672,
                "sispec": 17.485124588012695,
                "ssim": 0.9944308214768288,
                "plcmos": 3.1159656047821045,
                "utmos22": 3.930518627166748,
                "dnsmos": 3.3359649181365967,
                "visqol": 4.683757877335511,
                "pesq": 3.066803455352783,
                "inference_time": 0.011933565139770508
            },
            "proc_bessel_7999_8_8000": {
                "lsd": 0.9446508884429932,
                "log_sispec": 12.45545482635498,
                "sispec": 17.46709442138672,
                "ssim": 0.9945797725944513,
                "plcmos": 3.125857639312744,
                "utmos22": 3.93051815032959,
                "dnsmos": 3.323153495788574,
                "visqol": 4.6724367471686135,
                "pesq": 3.047977924346924,
                "inference_time": 0.013605117797851562
            }
        }
    },
    "each_speaker": {
        "p360": {
            "proc_bw_7999_8_8000": {
                "lsd": 0.9464448094367981,
                "log_sispec": 12.444706916809082,
                "sispec": 17.47117042541504,
                "ssim": 0.9945921393181848,
                "plcmos": 3.119810390472412,
                "utmos22": 3.93080472946167,
                "dnsmos": 3.3251121044158936,
                "visqol": 4.671514035361662,
                "pesq": 3.049313545227051,
                "inference_time": 0.15609192848205566
            },
            "proc_ch_7999_8_8000": {
                "lsd": 0.9411291480064392,
                "log_sispec": 12.524908065795898,
                "sispec": 17.48602294921875,
                "ssim": 0.9944312985557592,
                "plcmos": 3.1185736815134684,
                "utmos22": 3.9301247596740723,
                "dnsmos": 3.337277412414551,
                "visqol": 4.683018108218059,
                "pesq": 3.0659921169281006,
                "inference_time": 0.0118255615234375
            },
            "proc_el_7999_8_8000": {
                "lsd": 0.9419416785240173,
                "log_sispec": 12.521953582763672,
                "sispec": 17.485124588012695,
                "ssim": 0.9944308214768288,
                "plcmos": 3.1159656047821045,
                "utmos22": 3.930518627166748,
                "dnsmos": 3.3359649181365967,
                "visqol": 4.683757877335511,
                "pesq": 3.066803455352783,
                "inference_time": 0.011933565139770508
            },
            "proc_bessel_7999_8_8000": {
                "lsd": 0.9446508884429932,
                "log_sispec": 12.45545482635498,
                "sispec": 17.46709442138672,
                "ssim": 0.9945797725944513,
                "plcmos": 3.125857639312744,
                "utmos22": 3.93051815032959,
                "dnsmos": 3.323153495788574,
                "visqol": 4.6724367471686135,
                "pesq": 3.047977924346924,
                "inference_time": 0.013605117797851562
            }
        }
    },
    "averaged": {
        "proc_bw_7999_8_8000": {
            "lsd": 0.9464448094367981,
            "log_sispec": 12.444706916809082,
            "sispec": 17.47117042541504,
            "ssim": 0.9945921393181848,
            "plcmos": 3.119810390472412,
            "utmos22": 3.93080472946167,
            "dnsmos": 3.3251121044158936,
            "visqol": 4.671514035361662,
            "pesq": 3.049313545227051,
            "inference_time": 0.15609192848205566
        },
        "proc_ch_7999_8_8000": {
            "lsd": 0.9411291480064392,
            "log_sispec": 12.524908065795898,
            "sispec": 17.48602294921875,
            "ssim": 0.9944312985557592,
            "plcmos": 3.1185736815134684,
            "utmos22": 3.9301247596740723,
            "dnsmos": 3.337277412414551,
            "visqol": 4.683018108218059,
            "pesq": 3.0659921169281006,
            "inference_time": 0.0118255615234375
        },
        "proc_el_7999_8_8000": {
            "lsd": 0.9419416785240173,
            "log_sispec": 12.521953582763672,
            "sispec": 17.485124588012695,
            "ssim": 0.9944308214768288,
            "plcmos": 3.1159656047821045,
            "utmos22": 3.930518627166748,
            "dnsmos": 3.3359649181365967,
            "visqol": 4.683757877335511,
            "pesq": 3.066803455352783,
            "inference_time": 0.011933565139770508
        },
        "proc_bessel_7999_8_8000": {
            "lsd": 0.9446508884429932,
            "log_sispec": 12.45545482635498,
            "sispec": 17.46709442138672,
            "ssim": 0.9945797725944513,
            "plcmos": 3.125857639312744,
            "utmos22": 3.93051815032959,
            "dnsmos": 3.323153495788574,
            "visqol": 4.6724367471686135,
            "pesq": 3.047977924346924,
            "inference_time": 0.013605117797851562
        }
    }
}