{
    "p360": {
        "p360_001_mic1.flac": {
            "proc_bw_7999_8_8000": {
                "lsd": 1.458949089050293,
                "log_sispec": 9.199710845947266,
                "sispec": 6.147536277770996,
                "ssim": 0.9448912248548427,
                "plcmos": 2.771708536148071,
                "utmos22": 1.3319238424301147,
                "dnsmos": 2.7927768230438232,
                "visqol": 3.3483695694002003,
                "pesq": 1.543041467666626,
                "inference_time": 0.15459299087524414
            },
            "proc_ch_7999_8_8000": {
                "lsd": 1.471219539642334,
                "log_sispec": 9.23220443725586,
                "sispec": 6.210659027099609,
                "ssim": 0.9448392825635249,
                "plcmos": 2.8156900882720945,
                "utmos22": 1.3355759382247925,
                "dnsmos": 2.8109068870544434,
                "visqol": 3.3713736137183035,
                "pesq": 1.5582327842712402,
                "inference_time": 0.011134624481201172
            },
            "proc_el_7999_8_8000": {
                "lsd": 1.471245527267456,
                "log_sispec": 9.232137680053711,
                "sispec": 6.210656642913818,
                "ssim": 0.9448392397760043,
                "plcmos": 2.8158799330393474,
                "utmos22": 1.3355827331542969,
                "dnsmos": 2.8108952045440674,
                "visqol": 3.3713422705279075,
                "pesq": 1.5582411289215088,
                "inference_time": 0.012993335723876953
            },
            "proc_bessel_7999_8_8000": {
                "lsd": 1.4590219259262085,
                "log_sispec": 9.199535369873047,
                "sispec": 6.147525787353516,
                "ssim": 0.9448911529524615,
                "plcmos": 2.772018384933472,
                "utmos22": 1.331913709640503,
                "dnsmos": 2.7927377223968506,
                "visqol": 3.3484213015317423,
                "pesq": 1.5430469512939453,
                "inference_time": 0.011243343353271484
            }
        }
    },
    "each_speaker": {
        "p360": {
            "proc_bw_7999_8_8000": {
                "lsd": 1.458949089050293,
                "log_sispec": 9.199710845947266,
                "sispec": 6.147536277770996,
                "ssim": 0.9448912248548427,
                "plcmos": 2.771708536148071,
                "utmos22": 1.3319238424301147,
                "dnsmos": 2.7927768230438232,
                "visqol": 3.3483695694002003,
                "pesq": 1.543041467666626,
                "inference_time": 0.15459299087524414
            },
            "proc_ch_7999_8_8000": {
                "lsd": 1.471219539642334,
                "log_sispec": 9.23220443725586,
                "sispec": 6.210659027099609,
                "ssim": 0.9448392825635249,
                "plcmos": 2.8156900882720945,
                "utmos22": 1.3355759382247925,
                "dnsmos": 2.8109068870544434,
                "visqol": 3.3713736137183035,
                "pesq": 1.5582327842712402,
                "inference_time": 0.011134624481201172
            },
            "proc_el_7999_8_8000": {
                "lsd": 1.471245527267456,
                "log_sispec": 9.232137680053711,
                "sispec": 6.210656642913818,
                "ssim": 0.9448392397760043,
                "plcmos": 2.8158799330393474,
                "utmos22": 1.3355827331542969,
                "dnsmos": 2.8108952045440674,
                "visqol": 3.3713422705279075,
                "pesq": 1.5582411289215088,
                "inference_time": 0.012993335723876953
            },
            "proc_bessel_7999_8_8000": {
                "lsd": 1.4590219259262085,
                "log_sispec": 9.199535369873047,
                "sispec": 6.147525787353516,
                "ssim": 0.9448911529524615,
                "plcmos": 2.772018384933472,
                "utmos22": 1.331913709640503,
                "dnsmos": 2.7927377223968506,
                "visqol": 3.3484213015317423,
                "pesq": 1.5430469512939453,
                "inference_time": 0.011243343353271484
            }
        }
    },
    "averaged": {
        "proc_bw_7999_8_8000": {
            "lsd": 1.458949089050293,
            "log_sispec": 9.199710845947266,
            "sispec": 6.147536277770996,
            "ssim": 0.9448912248548427,
            "plcmos": 2.771708536148071,
            "utmos22": 1.3319238424301147,
            "dnsmos": 2.7927768230438232,
            "visqol": 3.3483695694002003,
            "pesq": 1.543041467666626,
            "inference_time": 0.15459299087524414
        },
        "proc_ch_7999_8_8000": {
            "lsd": 1.471219539642334,
            "log_sispec": 9.23220443725586,
            "sispec": 6.210659027099609,
            "ssim": 0.9448392825635249,
            "plcmos": 2.8156900882720945,
            "utmos22": 1.3355759382247925,
            "dnsmos": 2.8109068870544434,
            "visqol": 3.3713736137183035,
            "pesq": 1.5582327842712402,
            "inference_time": 0.011134624481201172
        },
        "proc_el_7999_8_8000": {
            "lsd": 1.471245527267456,
            "log_sispec": 9.232137680053711,
            "sispec": 6.210656642913818,
            "ssim": 0.9448392397760043,
            "plcmos": 2.8158799330393474,
            "utmos22": 1.3355827331542969,
            "dnsmos": 2.8108952045440674,
            "visqol": 3.3713422705279075,
            "pesq": 1.5582411289215088,
            "inference_time": 0.012993335723876953
        },
        "proc_bessel_7999_8_8000": {
            "lsd": 1.4590219259262085,
            "log_sispec": 9.199535369873047,
            "sispec": 6.147525787353516,
            "ssim": 0.9448911529524615,
            "plcmos": 2.772018384933472,
            "utmos22": 1.331913709640503,
            "dnsmos": 2.7927377223968506,
            "visqol": 3.3484213015317423,
            "pesq": 1.5430469512939453,
            "inference_time": 0.011243343353271484
        }
    }
}