{
    "p360": {
        "p360_001_mic1.flac": {
            "proc_bw_7999_8_8000": {
                "lsd": 1.359853982925415,
                "log_sispec": 8.87327766418457,
                "sispec": 7.458924293518066,
                "ssim": 0.9508878208935108,
                "plcmos": 4.013780387242635,
                "utmos22": 3.531219482421875,
                "dnsmos": 3.2835161685943604,
                "visqol": 4.05659560589419,
                "pesq": 2.679088592529297,
                "inference_time": 1.0989739894866943
            },
            "proc_ch_7999_8_8000": {
                "lsd": 1.3700017929077148,
                "log_sispec": 8.872815132141113,
                "sispec": 7.46096658706665,
                "ssim": 0.9503659369542582,
                "plcmos": 4.0274733543396,
                "utmos22": 3.535207509994507,
                "dnsmos": 3.2933006286621094,
                "visqol": 4.060122510969174,
                "pesq": 2.6842823028564453,
                "inference_time": 0.011027097702026367
            },
            "proc_el_7999_8_8000": {
                "lsd": 1.3697415590286255,
                "log_sispec": 8.873895645141602,
                "sispec": 7.460958480834961,
                "ssim": 0.9503656695130211,
                "plcmos": 4.030966218312582,
                "utmos22": 3.5351719856262207,
                "dnsmos": 3.293036699295044,
                "visqol": 4.05925103037631,
                "pesq": 2.6841330528259277,
                "inference_time": 0.01337122917175293
            },
            "proc_bessel_7999_8_8000": {
                "lsd": 1.3593930006027222,
                "log_sispec": 8.87765884399414,
                "sispec": 7.45891809463501,
                "ssim": 0.9508873295876841,
                "plcmos": 4.032118717829387,
                "utmos22": 3.5296361446380615,
                "dnsmos": 3.284424304962158,
                "visqol": 4.05630316842268,
                "pesq": 2.6789281368255615,
                "inference_time": 0.011976242065429688
            }
        }
    },
    "each_speaker": {
        "p360": {
            "proc_bw_7999_8_8000": {
                "lsd": 1.359853982925415,
                "log_sispec": 8.87327766418457,
                "sispec": 7.458924293518066,
                "ssim": 0.9508878208935108,
                "plcmos": 4.013780387242635,
                "utmos22": 3.531219482421875,
                "dnsmos": 3.2835161685943604,
                "visqol": 4.05659560589419,
                "pesq": 2.679088592529297,
                "inference_time": 1.0989739894866943
            },
            "proc_ch_7999_8_8000": {
                "lsd": 1.3700017929077148,
                "log_sispec": 8.872815132141113,
                "sispec": 7.46096658706665,
                "ssim": 0.9503659369542582,
                "plcmos": 4.0274733543396,
                "utmos22": 3.535207509994507,
                "dnsmos": 3.2933006286621094,
                "visqol": 4.060122510969174,
                "pesq": 2.6842823028564453,
                "inference_time": 0.011027097702026367
            },
            "proc_el_7999_8_8000": {
                "lsd": 1.3697415590286255,
                "log_sispec": 8.873895645141602,
                "sispec": 7.460958480834961,
                "ssim": 0.9503656695130211,
                "plcmos": 4.030966218312582,
                "utmos22": 3.5351719856262207,
                "dnsmos": 3.293036699295044,
                "visqol": 4.05925103037631,
                "pesq": 2.6841330528259277,
                "inference_time": 0.01337122917175293
            },
            "proc_bessel_7999_8_8000": {
                "lsd": 1.3593930006027222,
                "log_sispec": 8.87765884399414,
                "sispec": 7.45891809463501,
                "ssim": 0.9508873295876841,
                "plcmos": 4.032118717829387,
                "utmos22": 3.5296361446380615,
                "dnsmos": 3.284424304962158,
                "visqol": 4.05630316842268,
                "pesq": 2.6789281368255615,
                "inference_time": 0.011976242065429688
            }
        }
    },
    "averaged": {
        "proc_bw_7999_8_8000": {
            "lsd": 1.359853982925415,
            "log_sispec": 8.87327766418457,
            "sispec": 7.458924293518066,
            "ssim": 0.9508878208935108,
            "plcmos": 4.013780387242635,
            "utmos22": 3.531219482421875,
            "dnsmos": 3.2835161685943604,
            "visqol": 4.05659560589419,
            "pesq": 2.679088592529297,
            "inference_time": 1.0989739894866943
        },
        "proc_ch_7999_8_8000": {
            "lsd": 1.3700017929077148,
            "log_sispec": 8.872815132141113,
            "sispec": 7.46096658706665,
            "ssim": 0.9503659369542582,
            "plcmos": 4.0274733543396,
            "utmos22": 3.535207509994507,
            "dnsmos": 3.2933006286621094,
            "visqol": 4.060122510969174,
            "pesq": 2.6842823028564453,
            "inference_time": 0.011027097702026367
        },
        "proc_el_7999_8_8000": {
            "lsd": 1.3697415590286255,
            "log_sispec": 8.873895645141602,
            "sispec": 7.460958480834961,
            "ssim": 0.9503656695130211,
            "plcmos": 4.030966218312582,
            "utmos22": 3.5351719856262207,
            "dnsmos": 3.293036699295044,
            "visqol": 4.05925103037631,
            "pesq": 2.6841330528259277,
            "inference_time": 0.01337122917175293
        },
        "proc_bessel_7999_8_8000": {
            "lsd": 1.3593930006027222,
            "log_sispec": 8.87765884399414,
            "sispec": 7.45891809463501,
            "ssim": 0.9508873295876841,
            "plcmos": 4.032118717829387,
            "utmos22": 3.5296361446380615,
            "dnsmos": 3.284424304962158,
            "visqol": 4.05630316842268,
            "pesq": 2.6789281368255615,
            "inference_time": 0.011976242065429688
        }
    }
}